"Andreassen, C. S., Billieux, J., Griffiths, M. D., Kuss, D. J., Demetrovics, Z., Mazzoni, E., & Pallesen, S. (2016). The relationship between addictive use of social media and video games and symptoms of psychiatric disorders: A large-scale cross-sectional study. Psychology of Addictive Behaviors, 30, 252."
"Andreassen, C. S., Griffiths, M. D., Gjertsen, S. R., Krossbakken, E., Kvam, S., & Pallesen, S. (2013). The relationships between behavioral addictions and the five-factor model of personality. Journal of Behavioral Addictions, 2, 90-99."
"Arıcak, O. T., Dinç, M., Yay, M., & Griffiths, M. D. (2019). Adapting the short form of the Internet Gaming Disorder Scale into Turkish: Validity and reliability. Addicta: the Turkish Journal on Addictions, 5."
"Baggio, S., Dupuis, M., Studer, J., Spilka, S., Daeppen, J. B., Simon, O., ... & Gmel, G. (2016). Reframing video gaming and internet use addiction: Empirical cross‐national comparison of heavy use over time and addiction scales among young users. Addiction, 111, 513-522."
"Ballabio, M., Griffiths, M. D., Urbán, R., Quartiroli, A., Demetrovics, Z., & Király, O. (2017). Do gaming motives mediate between psychiatric symptoms and problematic gaming? An empirical survey study. Addiction Research & Theory, 25, 397-408."
"Baysak, E., Kaya, F. D., Dalgar, I., & Candansayar, S. (2016). Online game addiction in a sample from Turkey: Development and validation of the Turkish version of game addiction scale. Klinik Psikofarmakoloji Bülteni-Bulletin of Clinical Psychopharmacology, 26, 21-31."
"Baysak, E., Yertutanol, F. D. K., Dalgar, I., & Candansayar, S. (2018). How game addiction rates and related psychosocial risk factors change within 2-years: A follow-up study. Psychiatry Investigation, 15, 984-990."
"Beard, C. L., Haas, A. L., Wickham, R. E., & Stavropoulos, V. (2017). Age of initiation and Internet gaming disorder: The role of self-esteem. Cyberpsychology, Behavior, and Social Networking, 20, 397-401."
"Besser, B., Rumpf, H. J., Bischof, A., Meerkerk, G. J., Higuchi, S., & Bischof, G. (2017). Internet-related disorders: Development of the short compulsive internet use scale. Cyberpsychology, Behavior, and Social Networking, 20, 709-717."
"Bicholkar, A. U., Dias, A., & Mascarenhas, V. (2019). Prevalence of problematic online gaming among undergraduate medical students and its relation to well-being, self-esteem and depressive mood in Goa, India. International Journal of Community Medicine and Public Health, 6, 1133-1138."
"Billieux, J., Thorens, G., Khazaal, Y., Zullino, D., Achab, S., & Van der Linden, M. (2015). Problematic involvement in online games: A cluster analytic approach. Computers in Human Behavior, 43, 242-250."
"Billieux, J., Van der Linden, M., Achab, S., Khazaal, Y., Paraskevopoulos, L., Zullino, D., & Thorens, G. (2013). Why do you play World of Warcraft? An in-depth exploration of self-reported motivations to play online and in-game behaviours in the virtual world of Azeroth. Computers in Human Behavior, 29, 103-109."
"Blasi, M. D., Giardina, A., Giordano, C., Coco, G. L., Tosto, C., Billieux, J., & Schimmenti, A. (2019). Problematic video game use as an emotional coping strategy: Evidence from a sample of MMORPG gamers. Journal of Behavioral Addictions, 8, 25-34."
"Bonnaire, C. & Baptista, D. (2019). Internet gaming disorder in male and female young adults: The role of alexithymia, depression, anxiety and gaming type. Psychiatry Research, 272, 521-530."
"Borzikowsky, C. & Bernhardt, F. (2018). Lost in virtual gaming worlds: Grit and its prognostic value for online game addiction. The American journal on Addictions, 27, 433-438."
"Bozkurt, H., Coskun, M., Ayaydin, H., Adak, I., & Zoroglu, S. S. (2013). Prevalence and patterns of psychiatric disorders in referred adolescents with Internet addiction. Psychiatry and Clinical Neurosciences, 67, 352-359."
"Brand, M., Laier, C., & Young, K. S. (2014). Internet addiction: Coping styles, expectancies, and treatment implications. Frontiers in Psychology, 5, 1256."
"Braun, B., Stopfer, J. M., Müller, K. W., Beutel, M. E., & Egloff, B. (2016). Personality and video gaming: Comparing regular gamers, non-gamers, and gaming addicts and differentiating between game genres. Computers in Human Behavior, 55, 406-412."
"Broman, N., & Hakansson, A. (2018). Problematic gaming and internet use but not gambling may be overrepresented in sexual minorities–a pilot population web survey study. Frontiers in Psychology, 9, article 2184."
"Brunborg, G. S., Hanss, D., Mentzoni, R. A., & Pallesen, S. (2015). Core and peripheral criteria of video game addiction in the game addiction scale for adolescents. Cyberpsychology, Behavior, and Social Networking, 18, 280-285."
"Brunborg, G. S., Mentzoni, R. A., & Frøyland, L. R. (2014). Is video gaming, or video game addiction, associated with depression, academic achievement, heavy episodic drinking, or conduct problems? Journal of Behavioral Addictions, 3(1), 27-32."
"Brunborg, G. S., Mentzoni, R. A., Melkevik, O. R., Torsheim, T., Samdal, O., Hetland, J., ... & Palleson, S. (2013). Gaming addiction, gaming engagement, and psychological health complaints among Norwegian adolescents. Media Psychology, 16, 115-128."
"Buiza-Aguado, C., Alonso-Canovas, A., Conde-Mateos, C., Buiza-Navarrete, J. J., & Gentile, D. (2018). Problematic video gaming in a young Spanish population: Association with psychosocial health. Cyberpsychology, Behavior, and Social Networking, 21, 388-394."
"Burleigh, T. L., Stavropoulos, V., Liew, L. W., Adams, B. L., & Griffiths, M. D. (2018). Depression, internet gaming disorder, and the moderating effect of the gamer-avatar relationship: An exploratory longitudinal study. International Journal of Mental Health and Addiction, 16, 102-124."
"Busch, V., De Leeuw, J. R. J., Zuithoff, N. P., Van Yperen, T. A., & Schrijvers, A. J. P. (2015). A controlled health promoting school study in the Netherlands: Effects after 1 and 2 years of intervention. Health Promotion Practice, 16, 592-600."
"Canale, N., Marino, C., Griffiths, M. D., Scacchi, L., Monaci, M. G., & Vieno, A. (2019). The association between problematic online gaming and perceived stress: The moderating effect of psychological resilience. Journal of Behavioral Addictions, 8, 174-180."
"Carras, M. C., & Kardefelt-Winther, D. (2018). When addiction symptoms and life problems diverge: A latent class analysis of problematic gaming in a representative multinational sample of European adolescents. European Child & Adolescent Psychiatry, 27, 513-525."
"Carras, M. C., Van Rooij, A. J., Van de Mheen, D., Musci, R., Xue, Q. L., & Mendelson, T. (2017). Video gaming in a hyperconnected world: A cross-sectional study of heavy gaming, problematic gaming symptoms, and online socializing in adolescents. Computers in Human Behavior, 68, 472-479."
"Chen, C. & Leung, L. (2016). Are you addicted to Candy Crush Saga? An exploratory study linking psychological factors to mobile social game addiction. Telematics and Informatics, 33, 1155-1166."
"Chen, L. & Nath, R. (2016). Understanding the underlying factors of Internet addiction across cultures: A comparison study. Electronic Commerce Research and Applications, 17, 38-48."
"Chiu, Y. C., Pan, Y. C., & Lin, Y. H. (2018). Chinese adaptation of the Ten-Item Internet Gaming Disorder Test and prevalence estimate of Internet gaming disorder among adolescents in Taiwan. Journal of Behavioral Addictions, 7, 719-726."
"Choi, C., Hums, M., & Bum, C. H. (2018). Impact of the family environment on juvenile mental health: eSports online game addiction and delinquency. International Journal of Environmental Research and Public Health, 15, 2850."
"Collins, E. & Freeman, J. (2013). Do problematic and non-problematic video game players differ in extraversion, trait empathy, social capital and prosocial tendencies? Computers in Human Behavior, 29, 1933-1940."
"Collins, E. & Freeman, J. (2014). Video game use and cognitive performance: Does it vary with the presence of problematic video game use? Cyberpsychology, Behavior, and Social Networking, 17, 153-159."
"de Palo, V., Monacis, L., Sinatra, M., Griffiths, M. D., Pontes, H., Petro, M., & Miceli, S. (2018). Measurement invariance of the nine-item Internet Gaming Disorder Scale .(IGDS9-SF) across Albania, USA, UK, and Italy. International Journal of Mental Health and Addiction, 1-12."
"De Pasquale, C., Dinaro, C., & Sciacca, F. (2018). Relationship of Internet gaming disorder with dissociative experience in Italian university students. Annals of General Psychiatry, 17, 28."
"Deleuze, J., Nuyens, F., Rochat, L., Rothen, S., Maurage, P., & Billieux, J. (2017). Established risk factors for addiction fail to discriminate between healthy gamers and gamers endorsing DSM-5 Internet gaming disorder. Journal of Behavioral Addictions, 6, 516-524."
"Deng, L. Y., Liu, L., Xia, C. C., Lan, J., Zhang, J. T., & Fang, X. Y. (2017). Craving behavior intervention in ameliorating college students' internet game disorder: a longitudinal study. Frontiers in Psychology, 8, 526."
"Dhir, A., Chen, S., & Nieminen, M. (2015). A repeat cross-sectional analysis of the psychometric properties of the Compulsive Internet Use Scale .(CIUS) with adolescents from public and private schools. Computers & Education, 86, 172-181."
"Dieter, J., Hoffmann, S., Mier, D., Reinhard, I., Beutel, M., Vollstädt-Klein, S., ... & Leménager, T. (2017). The role of emotional inhibitory control in specific internet addiction–an fMRI study. Behavioural Brain Research, 324, 1-14."
"Donati, M. A., Chiesi, F., Ammannato, G., & Primi, C. (2015). Versatility and addiction in gaming: The number of video-game genres played is associated with pathological gaming in male adolescents. Cyberpsychology, Behavior, and Social Networking, 18, 129-132."
"Dong G, Li H, Wang L, Potenza MN (2017) Cognitive Control and Reward/Loss Processing in Internet Gaming Disorder: Results from a Comparison with Recreational Internet Game-Users. Eur Psychiatry 44:30-38."
"Dong G, Li H, Wang L, Potenza MN (2017) The correlation between mood states and functional connectivity in the default mode can differentiate healthy controls from Internet gaming disorder. Prog Neuropsychopharmacol Biol Psychiatry 77:185-193."
"Dong G, Lin X, Potenza MN (2015) Decreased functional connectivity in an executive control network is related to impaired executive function in Internet gaming disorder. Progress Neuro-Psychopharmacol Biol Psychiatry 57: 76-85 .(PMC4473260)"
"Dong G, Liu X, Wang M, Liang Q, Du X, Potenza MN (2020) Cue-elicited-craving-related lentiform activation during gaming deprivation relates to emergence of Internet gaming disorder. Addict Biol 25(1):e12713."
"Dong G, Liu X, Zhang J, Du X, Potenza MN (2019) Brain response features during forced break could predict subsequent recovery in internet gaming disorder: A longitudinal study. J Psychiatr Res 113:17-26."
"Dong G, Potenza MN (2016). Risk-taking and risky decision-making in Internet gaming disorder: Implications regarding online gaming in the setting of adverse consequences. J Psychiatr Res 73:1-8."
"Dong G, Wang M, Wang Z, Zheng H, Du X, Potenza MN (2020) Addiction severity modulates the precuneus involvement in internet gaming disorder: Functionality, morphology and effective connectivity. Progress Neuropsychopharm Biol Psychiatry 98:109829"
"Dong G, Wang M, Zhang J, Du X, Potenza MN (2019) Functional neural changes and altered cortical-subcortical connectivity associated with recovery from internet gaming disorder. Journal of Behavioral Addictions 8(4):692-702. .(PMC7044574)"
"Dong G, Wang M, Zheng H, Wang Z, Du X, Potenza MN (2021) Disrupted prefrontal regulation of striatum-related craving in internet gaming disorder revealed by dynamic causal modeling: Results from a cue-reactivity task. Psycholog Med 51(9):1549-1561."
"Dong G, Wang Z, Dong H, Wang M, Zhang J, Du X, Potenza MN (2020) More stringent criteria are needed for diagnosing internet gaming disorder. Evidence from regional brain features and whole-brain functional connectivity multivariate pattern analyses. J Behav Addiction 9(3):642-653."
"Dong G, Wang Z, Wang Y, Du X, Potenza MN (2019) Gender-related functional connectivity and craving during gaming and immediate forced abstinence: Implications for development and progression of Internet gaming disorder. Prog Neuropsychopharm Biol Psychiatry 88:1-10. "
"Dong G, Wu L, Wang Y, Du X, Potenza MN (2018) Diffusion-weighted MRI measures suggest better white-matter integrity in Internet gaming disorder: Evidence from the comparison with recreational Internet game users. Addict Behav 81:32-38."
"Dong G, Zheng H, Liu X, Wang Y, Du X, Potenza MN (2018) Gender-related differences in cue-elicited cravings in Internet gaming disorder: The effects of deprivation. J Behav Addict 7(4):953–964. .(PMC6376376)"
"Dong GH, Dong H, Wang M, Zhang J, Zhou W, Zheng Y, Potenza MN (2021) Dorsal and ventral striatal functional connectivity shift with the medial frontal gyrus in internet gaming disorder: Potential mechanisms underlying addictive engagement. Comm Biol 4(1):866."
"Dong H, Wang M, Zhang J, Hu Y, Potenza MN, Dong GH (2021) Reduced frontostriatal functional connectivity and its association with severity of internet gaming disorder. Addiction Biology 26(4):e12985."
"Dong, G. & Potenza, M. N. (2016). Risk-taking and risky decision-making in Internet gaming disorder: Implications regarding online gaming in the setting of negative consequences. Journal of Psychiatric Research, 73, 1-8."
"Dong, G. & Potenza, M. N. (2016). Risk-taking and risky decision-making in Internet gaming disorder: Implications regarding online gaming in the setting of negative consequences. Journal of Psychiatric Research, 73, 1-8."
"Dong, G., Li, H., Wang, L., & Potenza, M. N. (2017). Cognitive control and reward/loss processing in Internet gaming disorder: Results from a comparison with recreational Internet game-users. European Psychiatry, 44, 30-38."
"Dong, G., Liu, X., Zheng, H., Du, X., & Potenza, M. N. (2019). Brain response features during forced break could predict subsequent recovery in internet gaming disorder: A longitudinal study. Journal of Psychiatric Research, 113, 17-26."
"Dreier, M., Wölfling, K., Duven, E., Giralt, S., Beutel, M. E., & Müller, K. W. (2017). Free-to-play: About addicted Whales, at risk Dolphins and healthy Minnows. Monetarization design and internet gaming disorder. Addictive Behaviors, 64, 328-333. "
"Du, X., Qi, X., Yang, Y., Du, G., Gao, P., Zhang, Y., ... & Zhang, Q. (2016). Altered structural correlates of impulsivity in adolescents with internet gaming disorder. Frontiers in Human Neuroscience, 10, 4."
"Durkee, T., Carli, V., Floderus, B., Wasserman, C., Sarchiapone, M., Apter, A., ... & Cosman, D. (2016). Pathological internet use and risk-behaviors among European adolescents. International Journal of Environmental Research and Public Health, 13, 294."
"Duven, E. C., Müller, K. W., Beutel, M. E., & Wölfling, K. (2015). Altered reward processing in pathological computer gamers–ERP‐results from a semi‐natural Gaming‐Design. Brain and Behavior, 5, e00293."
"Evans, C., King, D. L., & Delfabbro, P. H. (2018). Effect of brief gaming abstinence on withdrawal in adolescent at-risk daily gamers: A randomized controlled study. Computers in Human Behavior, 88, 70-77."
"Evren, B., Evren, C., Dalbudak, E., Topçu, M., & Kutlu, N. (2018). Relationship of internet addiction severity with probable ADHD and difficulties in emotion regulation among young adults. Psychiatry Research, 269, 494-500."
"Evren, B., Evren, C., Dalbudak, E., Topcu, M., & Kutlu, N. (2019). The impact of depression, anxiety, neuroticism, and severity of Internet addiction symptoms on the relationship between probable ADHD and severity of insomnia among young adults. Psychiatry Research, 271, 726-731."
"Evren, B., Evren, C., Dalbudak, E., Topcu, M., & Kutlu, N. (2019). Neuroticism and introversion mediates the relationship between probable ADHD and symptoms of Internet gaming disorder: Results of an online survey. Psychiatry and Clinical Psychopharmacology, 29, 90-96."
"Evren, C., Dalbudak, E., Topcu, M., Kutlu, N., Evren, B., & Pontes, H. M. (2018). Psychometric validation of the Turkish nine-item internet gaming disorder scale–short form .(IGDS9-SF). Psychiatry Research, 265, 349-354."
"Evren, C., Dalbudak, E., Topcu, M., Kutlu, N., Evren, B., & Pontes, H. M. (2018). Psychometric validation of the Turkish nine-item internet gaming disorder scale–short form .(IGDS9-SF). Psychiatry Research, 265, 349-354."
"Evren, C., Dalbudak, E., Topcu, M., Kutlu, N., Evren, B., & Pontes, H. M. (2018). Psychometric validation of the Turkish nine-item internet gaming disorder scale–short form .(IGDS9-SF). Psychiatry Research, 265, 349-354."
"Festl, R., Scharkow, M., & Quandt, T. (2013). Problematic computer game use among adolescents, younger and older adults. Addiction, 108, 592-599."
"Forrest, C. J., King, D. L., & Delfabbro, P. H. (2016). The gambling preferences and behaviors of a community sample of Australian regular video game players. Journal of Gambling Studies, 32, 409-420."
"Forrest, C. J., King, D. L., & Delfabbro, P. H. (2017). Maladaptive cognitions predict changes in problematic gaming in highly-engaged adults: A 12-month longitudinal study. Addictive Behaviors, 65, 125-130."
"Frölich, J., Lehmkuhl, G., Orawa, H., Bromba, M., Wolf, K., & Görtz-Dorten, A. (2016). Computer game misuse and addiction of adolescents in a clinically referred study sample. Computers in Human Behavior, 55, 9-15."
"Fuster, H., Carbonell, X., Pontes, H. M., & Griffiths, M. D. (2016). Spanish validation of the Internet Gaming Disorder-20 .(IGD-20) test. Computers in Human Behavior, 56, 215-224."
"Gaetan, S., Bonnet, A., Bréjard, V., & Cury, F. (2014). French validation of the 7-item Game Addiction Scale for adolescents. Revue Européenne de Psychologie Appliquée/European Review of Applied Psychology, 64, 161-168."
"Gmel, G., Khazaal, Y., Studer, J., Baggio, S., & Marmet, S. (2019). Development of a short form of the compulsive internet use scale in Switzerland. International Journal of Methods in Psychiatric Research, 28, e1765."
"Gomez, R., Stavropoulos, V., Beard, C., & Pontes, H. M. (2018). Item response theory analysis of the recoded Internet Gaming Disorder scale-short-form .(IGDS9-SF). International Journal of Mental Health and Addiction, in press."
"Guertler, D., Broda, A., Bischof, A., Kastirke, N., Meerkerk, G. J., John, U., ... & Rumpf, H. J. (2014). Factor structure of the compulsive internet use scale. Cyberpsychology, Behavior, and Social Networking, 17, 46-51."
"Haagsma, M. C., King, D. L., Pieterse, M. E., & Peters, O. (2013). Assessing problematic video gaming using the theory of planned behavior: A longitudinal study of Dutch young people. International Journal of Mental Health and Addiction, 11, 172-185."
"Haghbin, M., Shaterian, F., Hosseinzadeh, D., & Griffiths, M. D. (2013). A brief report on the relationship between self-control, video game addiction and academic achievement in normal and ADHD students. Journal of Behavioral Addictions, 2, 239-243."
"Håkansson, A., Kenttä, G., & Åkesdotter, C. (2018). Problem gambling and gaming in elite athletes. Addictive Behaviors Reports, 8, 79-84."
"Han, D. H., Yoo, M., Renshaw, P. F., & Petry, N. M. (2018). A cohort study of patients seeking Internet gaming disorder treatment. Journal of Behavioral Addictions, 7, 930-938."
"Hashim, A. H., Kaur, M., & Ng, C. G. (2016). Internet addiction among adolescents in Malaysia: The prevalence and its association with attention deficit hyperactivity disorder .(ADHD) symptoms. Malaysian Journal of Psychiatry, 25, 3-18."
"Hawi, N. S., & Samaha, M. (2017). Validation of the Arabic version of the Internet Gaming Disorder-20 test. Cyberpsychology, Behavior, and Social Networking, 20, 268-272."
"Hawi, N. S., Samaha, M., & Griffiths, M. D. (2018). Internet gaming disorder in Lebanon: Relationships with age, sleep habits, and academic achievement. Journal of Behavioral Addictions, 7, 70-78."
"Henchoz, Y., Studer, J., Deline, S., N’Goran, A. A., Baggio, S., & Gmel, G. (2016). Video gaming disorder and sport and exercise in emerging adulthood: A longitudinal study. Behavioral Medicine, 42, 105-111."
"Hong, S. J., Lee, D., Park, J., Namkoong, K., Lee, J., Jang, D. P., ... & Kim, I. Y. (2018). Altered Heart Rate Variability During Gameplay in Internet Gaming Disorder: The Impact of Situations During the Game. Frontiers in Psychiatry, 9, 429."
"Hosseini, Z., Delpazirian, R., Mohajeri, H., & Hassani Abharian, P. (2018). Psychometric properties of the Persian translation of Video Gaming Addiction Test .(VAT). Basic and Clinical Neuroscience, in press."
"Hull, D. C., Williams, G. A., & Griffiths, M. D. (2013). Video game characteristics, happiness and flow as predictors of addiction among video game players: A pilot study. Journal of Behavioral Addictions, 2, 145-152."
"Irvine, M. A., Worbe, Y., Bolton, S., Harrison, N. A., Bullmore, E. T., & Voon, V. (2013). Impaired decisional impulsivity in pathological videogamers. PLoS ONE, 8, e75914."
"Jeong, E. J., Kim, D. J., & Lee, D. M. (2017). Why do some people become addicted to digital games more easily? A study of digital game addiction from a psychosocial health perspective. International Journal of Human–Computer Interaction, 33, 199-214."
"Jeong, H., Yim, H. W., Jo, S. J., Lee, S. Y., Kim, E., Son, H. J., ... & Choi, J. S. (2017). Study protocol of the internet user Cohort for Unbiased Recognition of gaming disorder in Early adolescence .(iCURE), Korea, 2015–2019. BMJ Open, 7, e018350."
"Jeong, H., Yim, H. W., Lee, S. Y., Lee, H. K., Potenza, M. N., Kwon, J. H., ... & Choi, J. S. (2018). Discordance between self-report and clinical diagnosis of Internet gaming disorder in adolescents. Scientific Reports, 8, 10084."
"Jeromin, F., Rief, W., & Barke, A. (2016). Using two web-based addiction Stroops to measure the attentional bias in adults with Internet Gaming Disorder. Journal of Behavioral Addictions, 5, 666-673."
"Jeromin, F., Rief, W., & Barke, A. (2016). Validation of the Internet Gaming Disorder Questionnaire in a sample of adult German-speaking internet gamers. Cyberpsychology, Behavior, and Social Networking, 19, 453-459."
"Jeromin, F., Rief, W., & Barke, A. (2016). Validation of the Internet Gaming Disorder Questionnaire in a sample of adult German-speaking internet gamers. Cyberpsychology, Behavior, and Social Networking, 19, 453-459."
"Jo, S. J., Yim, H. W., Lee, H. K., Lee, H. C., Choi, J. S., & Baek, K. Y. (2018). The Internet Game Use‐Elicited Symptom Screen proved to be a valid tool for adolescents aged 10–19 years. Acta Paediatrica, 107, 511-516."
"Khazaal, Y., Breivik, K., Billieux, J., Zullino, D., Thorens, G., Achab, S., ... & Chatton, A. (2018). Game addiction scale assessment through a nationally representative sample of young adult men: Item response theory graded–response modeling. Journal of Medical Internet Research, 20, e10058."
"Khazaal, Y., Chatton, A., Rothen, S., Achab, S., Thorens, G., Zullino, D., & Gmel, G. (2016). Psychometric properties of the 7-item game addiction scale among french and German speaking adults. BMC Psychiatry, 16, 132."
"Kim, B. N. (2019). Korean Validation of the Internet Gaming Disorder-20 Test. Cyberpsychology, Behavior, and Social Networking, 22, 271–276."
"Kim, D. J., Kim, K., Lee, H. W., Hong, J. P., Cho, M. J., Fava, M., ... & Jeon, H. J. (2017). Internet game addiction, depression, and escape from negative emotions in adulthood: A nationwide community sample of Korea. The Journal of Nervous and Mental Disease, 205, 568-573."
"Kim, E., Yim, H. W., Jeong, H., Jo, S. J., Lee, H. K., Son, H. J., & Han, H. H. (2018). The association between aggression and risk of Internet gaming disorder in Korean adolescents: the mediation effect of father-adolescent communication style. Epidemiology and Health, 40, e2018039."
"Kim, H., Ha, J., Chang, W. D., Park, W., Kim, L., & Im, C. H. (2018). Detection of craving for gaming in adolescents with internet gaming disorder using multimodal biosignals. Sensors, 18, 102."
"Kim, M. K., Jung, Y. H., Kyeong, S., Shin, Y. B., Kim, E., & Kim, J. J. (2018). Neural correlates of distorted self-concept in individuals with internet gaming disorder: A functional MRI study. Frontiers in Psychiatry, 9, 330."
"Kim, Y. J., Lim, J. A., Lee, J. Y., Oh, S., Kim, S. N., Kim, D. J., ... & Choi, J. S. (2017). Impulsivity and compulsivity in Internet gaming disorder: A comparison with obsessive–compulsive disorder and alcohol use disorder. Journal of Behavioral Addictions, 6, 545-553."
"King, D. L. & Delfabbro, P. H. (2016). The cognitive psychopathology of Internet gaming disorder in adolescence. Journal of Abnormal Child Psychology, 44, 1635-1645."
"King, D. L., Adair, C., Saunders, J. B., & Delfabbro, P. H. (2018). Clinical predictors of gaming abstinence in help-seeking adult problematic gamers. Psychiatry Research, 261, 581-588."
"King, D. L., Delfabbro, P. H., & Griffiths, M. D. (2013). Trajectories of problem video gaming among adult regular gamers: an 18-month longitudinal study. Cyberpsychology, Behavior, and Social Networking, 16, 72-76."
"Király, O., Bőthe, B., Ramos-Diaz, J., Rahimi-Movaghar, A., Lukavska, K., Hrabec, O., ... & Karila, L. (2019). Ten-Item Internet Gaming Disorder Test ..(IGDT-10): Measurement invariance and cross-cultural validation across seven language-based samples. Psychology of Addictive Behaviors, 33, 91-103."
"Király, O., Griffiths, M. D., Urbán, R., Farkas, J., Kökönyei, G., Elekes, Z., ... & Demetrovics, Z. (2014). Problematic Internet use and problematic online gaming are not the same: Findings from a large nationally representative adolescent sample. Cyberpsychology, Behavior, and Social Networking, 17, 749-754."
"Király, O., Sleczka, P., Pontes, H. M., Urbán, R., Griffiths, M. D., & Demetrovics, Z. (2017). Validation of the ten-item Internet Gaming Disorder Test ..(IGDT-10) and evaluation of the nine DSM-5 Internet Gaming Disorder criteria. Addictive Behaviors, 64, 253-260."
"Király, O., Urbán, R., Griffiths, M. D., Ágoston, C., Nagygyörgy, K., Kökönyei, G., & Demetrovics, Z. (2015). The mediating effect of gaming motivation between psychiatric symptoms and problematic online gaming: An online survey. Journal of Medical Internet Research, 17, e88."
"Kircaburun, K., Griffiths, M. D., & Billieux, J. (2019). Psychosocial factors mediating the relationship between childhood emotional trauma and internet gaming disorder: A pilot study. European Journal of Psychotraumatology, 10, 1565031."
"Komnenić, D., Filipović, S., & Vukosavljević-Gvozden, T. (2015). Assessing maladaptive cognitions related to online gaming: Proposing an adaptation of online cognitions scale. Computers in Human Behavior, 51, 131-139."
"Koning, I. M., Peeters, M., Finkenauer, C., & Van Den Eijnden, R. J. (2018). Bidirectional effects of Internet-specific parenting practices and compulsive social media and Internet game use. Journal of Behavioral Addictions, 7, 624-632."
"Koo, H. J., Han, D. H., Park, S. Y., & Kwon, J. H. (2017). The structured clinical interview for DSM-5 Internet gaming disorder: Development and validation for diagnosing IGD in adolescents. Psychiatry Investigation, 14, 21-29."
"Kotyuk, E., Farkas, J., Magi, A., Eisinger, A., Király, O., Vereczkei, A., ... & Sasvári‐Székely, M. (2019). The psychological and genetic factors of the addictive behaviors ..(PGA) study. International Journal of Methods in Psychiatric Research, 28, e1748."
"Krossbakken, E., Pallesen, S., Mentzoni, R. A., King, D. L., Molde, H., Finserås, T. R., & Torsheim, T. (2018). A cross-lagged study of developmental trajectories of video game engagement, addiction, and mental health. Frontiers in Psychology, 9, 2239."
"Kurnianingsih, N., Ratnawati, R., Yudhantara, D. S., Prawiro, R. B. S., Permatasari, M., Rachma, H., & Ariadi, A. S. (2019). Association between time spent for Internet gaming, grade point average and Internet gaming disorder risk among medical students. Research Journal of Life Science, 5, 140-148."
"Kuss, D. J., Van Rooij, A. J., Shorter, G. W., Griffiths, M. D., & van de Mheen, D. (2013). Internet addiction in adolescents: Prevalence and risk factors. Computers in Human Behavior, 29, 1987-1996."
"Laconi, S., Pirès, S., & Chabrol, H. (2017). Internet gaming disorder, motives, game genres and psychopathology. Computers in Human Behavior, 75, 652-659."
"Laconi, S., Tricard, N., & Chabrol, H. (2015). Differences between specific and generalized problematic Internet uses according to gender, age, time spent online and psychopathological symptoms. Computers in Human Behavior, 48, 236-244."
"Laier, C., Wegmann, E., & Brand, M. (2018). Personality and cognition in gamers: Avoidance expectancies mediate the relationship between maladaptive personality traits and symptoms of Internet-gaming disorder. Frontiers in Psychiatry, 9."
"Laier, C., Wegmann, E., & Brand, M. (2018). Personality and cognition in gamers: Avoidance expectancies mediate the relationship between maladaptive personality traits and symptoms of Internet-gaming disorder. Frontiers in psychiatry, 9."
"Lee, C. W., Lee, D., Lee, E. M., Park, S. J., Ji, D. Y., Lee, D. Y., & Jung, Y. C. (2019). Lipidomic profiles disturbed by the internet gaming disorder in young Korean males. Journal of Chromatography B, 1114-1115, 119-124."
"Lee, D., Lee, J., Namkoong, K., & Jung, Y. C. (2018). Subregions of the anterior cingulate cortex form distinct functional connectivity patterns in young males with Internet Gaming Disorder with comorbid depression. Frontiers in Psychiatry, 9, 380."
"Lee, D., Namkoong, K., Lee, J., & Jung, Y. C. (2018). Abnormal gray matter volume and impulsivity in young adults with Internet gaming disorder. Addiction Biology, 23, 1160-1167."
"Lee, D., Park, J., Namkoong, K., Kim, I. Y., & Jung, Y. C. (2018). Gray matter differences in the anterior cingulate and orbitofrontal cortex of young adults with Internet gaming disorder: Surface-based morphometry. Journal of Behavioral Addictions, 7, 21-30."
"Lehenbauer-Baum, M., & Fohringer, M. (2015). Towards classification criteria for internet gaming disorder: Debunking differences between addiction and high engagement in a German sample of World of Warcraft players. Computers in Human Behavior, 45, 345-351."
"Lehenbauer-Baum, M., Klaps, A., Kovacovsky, Z., Witzmann, K., Zahlbruckner, R., & Stetina, B. U. (2015). Addiction and engagement: An explorative study toward classification criteria for internet gaming disorder. Cyberpsychology, Behavior, and Social Networking, 18, 343-349."
"Lemenager, T., Dieter, J., Hill, H., Hoffmann, S., Reinhard, I., Beutel, M., ... & Mann, K. (2016). Exploring the neural basis of avatar identification in pathological Internet gamers and of self-reflection in pathological social network users. Journal of Behavioral Addictions, 5, 485-499."
"Lemenager, T., Hoffmann, S., Dieter, J., Reinhard, I., Mann, K., & Kiefer, F. (2018). The links between healthy, problematic, and addicted Internet use regarding comorbidities and self-concept-related characteristics. Journal of Behavioral Addictions, 7, 31-43."
"Lemmens, J. S. & Hendriks, S. J. (2016). Addictive online games: Examining the relationship between game genres and Internet gaming disorder. Cyberpsychology, Behavior, and Social Networking, 19, 270-276."
"Lemmens, J. S., Valkenburg, P. M., & Gentile, D. A. (2015). The Internet Gaming Disorder Scale. Psychological Assessment, 27, 567-582."
"Lemmens, J. S., Valkenburg, P. M., & Gentile, D. A. (2015). The Internet Gaming Disorder Scale. Psychological Assessment, 27, 567-582."
"Lemos, I. L., Cardoso, A., & Sougey, E. B. (2016). Cross-cultural adaptation and evaluation of the psychometric properties of the Brazilian version of the Video Game Addiction Test. Computers in Human Behavior, 55, 207-213."
"Lemos, I. L., Cardoso, A., & Sougey, E. B. (2016). Validity and reliability assessment of the Brazilian version of the game addiction scale .(GAS). Comprehensive Psychiatry, 67, 19-25."
"Lemos, I. L., Cardoso, A., & Sougey, E. B. (2016). Validity and reliability assessment of the Brazilian version of the game addiction scale .(GAS). Comprehensive Psychiatry, 67, 19-25."
"Li, H. & Wang, S. (2013). The role of cognitive distortion in online game addiction among Chinese adolescents. Children and Youth Services Review, 35, 1468-1475."
"Li, H., Zou, Y., Wang, J., & Yang, X. (2016). Role of stressful life events, avoidant coping styles, and neuroticism in online game addiction among college students: A moderated mediation model. Frontiers in Psychology, 7, 1794."
"Liew, L. W., Stavropoulos, V., Adams, B. L., Burleigh, T. L., & Griffiths, M. D. (2018). Internet gaming disorder: The interplay between physical activity and user–avatar relationship. Behaviour & Information Technology, 37, 558-574."
"Lim, J. A., Lee, J. Y., Jung, H. Y., Sohn, B. K., Choi, S. W., Kim, Y. J., ... & Choi, J. S. (2016). Changes of quality of life and cognitive function in individuals with Internet Gaming Disorder: A 6-month follow-up. Medicine, 95, e5695."
"Lin, C. Y., Hung, W. H., Fang, K., & Tu, C. C. (2015). Understanding players’ achievement values from MMORPGs: An exploratory study. Internet Research, 25, 829-851."
"Lin, C. Y., Imani, V., Broström, A., Årestedt, K., Pakpour, A. H. P., & Griffiths, M. D. (2019). Evaluating the psychometric properties of the 7-item Persian Game Addiction Scale for Iranian adolescents. Frontiers in Psychology, 10, 149."
"Lin, C. Y., Imani, V., Broström, A., Årestedt, K., Pakpour, A. H. P., & Griffiths, M. D. (2019). Evaluating the psychometric properties of the 7-item Persian Game Addiction Scale for Iranian adolescents. Frontiers in Psychology, 10, 149."
"Lin, X., Zhou, H., Dong, G., & Du, X. (2015). Impaired risk evaluation in people with Internet gaming disorder: fMRI evidence from a probability discounting task. Progress in Neuro-Psychopharmacology and Biological Psychiatry, 56, 142-148."
"Liu L, Potenza MN, Lacadie CM, Zhang JT, Yip SW, Xia CC, Lan J, Yao YW, Fang XY (2021) Altered intrinsic connectivity distribution in internet gaming disorder and its associations with psychotherapy treatment outcomes. Addiction Biology 26(2):e12917."
"Liu L, Xue G, Potenza MN, Zhang J-T, Yao Y-W, Xia C-C, Wang L-J. Liu B, Ma S-S, Fang X-Y (2017) Dissociable neural process during risky decision-making in individuals with Internet-gaming disorder. Neuroimage Clin 14:741-749. .(PMC5385591)"
"Lopez-Fernandez, O. (2018). Generalised versus specific Internet use-related addiction problems: A mixed methods study on Internet, gaming, and social networking behaviours. International Journal of Environmental Research and Public Health, 15, 2913."
"Lopez-Fernandez, O., Honrubia-Serrano, M. L., Baguley, T., & Griffiths, M. D. (2014). Pathological video game playing in Spanish and British adolescents: Towards the exploration of Internet Gaming Disorder symptomatology. Computers in Human Behavior, 41, 304-312."
"Loton, D., Borkoles, E., Lubman, D., & Polman, R. (2016). Video game addiction, engagement and symptoms of stress, depression and anxiety: The mediating role of coping. International Journal of Mental Health and Addiction, 14, 565-578."
"Luijten, M., Meerkerk, G. J., Franken, I. H., van de Wetering, B. J., & Schoenmakers, T. M. (2015). An fMRI study of cognitive control in problem gamers. Psychiatry Research: Neuroimaging, 231, 262-268."
"Lukavská, K. (2018). The immediate and long-term effects of time perspective on Internet gaming disorder. Journal of Behavioral Addictions, 7, 44-51."
"Lukavská, K., Hrabec, O., & Chrz, V. (2016). The role of habits in massive multiplayer online role-playing game usage: Predicting excessive and problematic gaming through players' sensitivity to situational cues. Cyberpsychology, Behavior, and Social Networking, 19, 277-282."
"Macey, J., & Hamari, J. (2018). Investigating relationships between video gaming, spectating esports, and gambling. Computers in Human Behavior, 80, 344-353."
"Männikkö, N., Billieux, J., & Kääriäinen, M. (2015). Problematic digital gaming behavior and its relation to the psychological, social and physical health of Finnish adolescents and young adults. Journal of Behavioral Addictions, 4, 281-288."
"Männikkö, N., Billieux, J., Nordström, T., Koivisto, K., & Kääriäinen, M. (2017). Problematic gaming behaviour in Finnish adolescents and young adults: Relation to game genres, gaming motives and self-awareness of problematic use. International Journal of Mental Health and Addiction, 15, 324-338."
"Männikkö, N., Demetrovics, Z., Ruotsalainen, H., Myllymäki, L., Miettunen, J., & Kääriäinen, M. (2018). Psychometric properties of the Problematic Gaming Questionnaire used to assess Finnish adolescents. International Journal of Mental Health and Addiction, in press."
"Männikkö, N., Ruotsalainen, H., Demetrovics, Z., Lopez-Fernandez, O., Myllymäki, L., Miettunen, J., & Kääriäinen, M. (2018). Problematic gaming behavior among Finnish junior high school students: Relation to socio-demographics and gaming behavior characteristics. Behavioral Medicine, 44, 324-334."
"Männikkö, N., Ruotsalainen, H., Tolvanen, A., & Kääriäinen, M. (2019). Psychometric properties of the Internet Gaming Disorder Test .(IGDT‐10) and problematic gaming behavior among Finnish vocational school students. Scandinavian Journal of Psychology, 60, 252-260."
"Marmet, S., Studer, J., Rougemont-Bücking, A., & Gmel, G. (2018). Latent profiles of family background, personality and mental health factors and their association with behavioural addictions and substance use disorders in young Swiss men. European Psychiatry, 52, 76-84."
"Mazurek, M. O. & Engelhardt, C. R. (2013). Video game use and problem behaviors in boys with autism spectrum disorders. Research in Autism Spectrum Disorders, 7, 316-324."
"Mazurek, M. O. & Engelhardt, C. R. (2013). Video game use in boys with autism spectrum disorder, ADHD, or typical development. Pediatrics, 132, 260-266."
"Metcalf, O. & Pammer, K. (2014). Impulsivity and related neuropsychological features in regular and addictive first person shooter gaming. Cyberpsychology, Behavior, and Social Networking, 17, 147-152."
"Metcalf, O. & Pammer, K. (2014). Physiological arousal deficits in addicted gamers differ based on preferred game genre. European Addiction Research, 20, 23-32."
"Mettler, J., Mills, D. J., & Heath, N. L. (2018). Problematic gaming and subjective well-being: How does mindfulness play a role? International Journal of Mental Health and Addiction, in press."
"Mills, D. J., Milyavskaya, M., Heath, N. L., & Derevensky, J. L. (2018). Gaming motivation and problematic video gaming: The role of needs frustration. European Journal of Social Psychology, 48, 551-559."
"Mills, D. J., Milyavskaya, M., Mettler, J., & Heath, N. L. (2018). Exploring the pull and push underlying problem video game use: A Self-Determination Theory approach. Personality and Individual Differences, 135, 176-181."
"Molde, H., Holmøy, B., Merkesdal, A. G., Torsheim, T., Mentzoni, R. A., Hanns, D., ... & Pallesen, S. (2019). Are video games a gateway to gambling? A longitudinal study based on a representative Norwegian sample. Journal of Gambling Studies, 35, 545-557."
"Monacis, L., de Palo, V., Griffiths, M. D., & Sinatra, M. (2017). Exploring individual differences in online addictions: The role of identity and attachment. International Journal of Mental Health and Addiction, 15, 853-868."
"Monacis, L., Palo, V. D., Griffiths, M. D., & Sinatra, M. (2016). Validation of the internet gaming disorder scale–short-form .(IGDS9-SF) in an Italian-speaking sample. Journal of Behavioral Addictions, 5, 683-690."
"Montag, C., Bey, K., Sha, P., Li, M., Chen, Y. F., Liu, W. Y., ... & Reuter, M. (2015). Is it meaningful to distinguish between generalized and specific Internet addiction? Evidence from a cross‐cultural study from Germany, Sweden, Taiwan and China. Asia‐Pacific Psychiatry, 7, 20-26."
"Moudiab, S. & Spada, M. M. (2019). The relative contribution of motives and maladaptive cognitions to levels of Internet Gaming Disorder. Addictive Behaviors Reports, 9, 100160."
"Müller, K. W., Beutel, M. E., & Wölfling, K. (2014). A contribution to the clinical characterization of Internet addiction in a sample of treatment seekers: Validity of assessment, severity of psychopathology and type of co-morbidity. Comprehensive Psychiatry, 55, 770-777."
"Müller, K. W., Beutel, M. E., Dreier, M., & Wölfling, K. (2019). A clinical evaluation of the DSM-5 criteria for Internet Gaming Disorder and a pilot study on their applicability to further Internet-related disorders. Journal of Behavioral Addictions,8, 16-24."
"Müller, K. W., Beutel, M. E., Egloff, B., & Wölfling, K. (2014). Investigating risk factors for internet gaming disorder: A comparison of patients with addictive gaming, pathological gamblers and healthy controls regarding the big five personality traits. European Addiction Research, 20, 129-136."
"Müller, K. W., Dreier, M., Beutel, M. E., & Wölfling, K. (2016). Is Sensation Seeking a correlate of excessive behaviors and behavioral addictions? A detailed examination of patients with gambling disorder and internet addiction. Psychiatry research, 242, 319-325."
"Müller, K. W., Glaesmer, H., Brähler, E., Woelfling, K., & Beutel, M. E. (2014). Prevalence of internet addiction in the general population: Results from a German population-based survey. Behaviour & Information Technology, 33, 757-766."
"Müller, K. W., Janikian, M., Dreier, M., Wölfling, K., Beutel, M. E., Tzavara, C., ... & Tsitsika, A. (2015). Regular gaming behavior and internet gaming disorder in European adolescents: Results from a cross-national representative survey of prevalence, predictors, and psychopathological correlates. European Child & Adolescent Psychiatry, 24, 565-574."
"Müller, K. W., Koch, A., Dickenhorst, U., Beutel, M. E., Duven, E., & Wölfling, K. (2013). Addressing the question of disorder-specific risk factors of internet addiction: A comparison of personality traits in patients with addictive behaviors and comorbid internet addiction. BioMed research International, 2013, 546342."
"Müller, K. W., Wölfling, K., Beutel, M. E., Stark, B., Quiring, O., Aufenanger, S., ... & Reinecke, L. (2018). Insights into aspects behind Internet-related disorders in adolescents: The interplay of personality and symptoms of adjustment disorders. Journal of Adolescent Health, 62, 234-240."
"Myrseth, H. & Notelaers, G. (2018). A latent class approach for classifying the problem and disordered gamers in a group of adolescence. Frontiers in Psychology, 9."
"Nuyens, F., Deleuze, J., Maurage, P., Griffiths, M. D., Kuss, D. J., & Billieux, J. (2016). Impulsivity in multiplayer online battle arena gamers: Preliminary results on experimental and self-report measures. Journal of Behavioral Addictions, 5, 351-356."
"Paik, S. H., Cho, H., Chun, J. W., Jeong, J. E., & Kim, D. J. (2017). Gaming device usage patterns predict internet gaming disorder: comparison across different gaming device usage patterns. International Journal of Environmental Research and Public Health, 14, 1512."
"Panagiotidi, M. (2017). Problematic video game play and ADHD traits in an adult population. Cyberpsychology, Behavior, and Social Networking, 20, 292-295."
"Pappa, E., Apergi, F. S., Ventouratou, R., Janikian, M., & Beratis, I. N. (2016). Online gaming behavior and psychosocial well-being in Greek adolescents. The European Journal of Social and Behavioural Sciences, 15, 1988-1998."
"Park, M., Kim, Y. J., & Dai Jin Kim, J. S. C. (2017). Sustained dysfunctional information processing in patients with Internet gaming disorder: 6-month follow-up ERP study. Medicine, 96, e7995."
"Park, S. Y., Kim, S. M., Roh, S., Soh, M. A., Lee, S. H., Kim, H., ... & Han, D. H. (2016). The effects of a virtual reality treatment program for online gaming addiction. Computer Methods and Programs in Biomedicine, 129, 99-108."
"Parker, J. D., Summerfeldt, L. J., Taylor, R. N., Kloosterman, P. H., & Keefer, K. V. (2013). Problem gambling, gaming and Internet use in adolescents: Relationships with emotional intelligence in clinical and special needs samples. Personality and Individual Differences, 55, 288-293."
"Pawlikowski, M., Altstötter-Gleich, C., & Brand, M. (2013). Validation and psychometric properties of a short version of Young’s Internet Addiction Test. Computers in Human Behavior, 29, 1212-1223."
"Pawlikowski, M., Nader, I. W., Burger, C., Stieger, S., & Brand, M. (2014). Pathological Internet use–It is a multidimensional and not a unidimensional construct. Addiction Research & Theory, 22, 166-175."
"Pearcy, B. T., McEvoy, P. M., & Roberts, L. D. (2017). Internet gaming disorder explains unique variance in psychological distress and disability after controlling for comorbid depression, OCD, ADHD, and anxiety. Cyberpsychology, Behavior, and Social Networking, 20, 126-132."
"Pearcy, B. T., Roberts, L. D., & McEvoy, P. M. (2016). Psychometric testing of the personal Internet gaming disorder evaluation-9: A new measure designed to assess Internet gaming disorder. Cyberpsychology, Behavior, and Social Networking, 19, 335-341."
"Peeters, M., Koning, I., & van den Eijnden, R. (2018). Predicting Internet Gaming Disorder symptoms in young adolescents: A one-year follow-up study. Computers in Human Behavior, 80, 255-261."
"Petry, N. M., Rehbein, F., Gentile, D. A., Lemmens, J. S., Rumpf, H. J., Mößle, T., ... & Auriacombe, M. (2014). An international consensus for assessing internet gaming disorder using the new DSM‐5 approach. Addiction, 109, 1399-1406."
"Pontes, H. M. & Griffiths, M. D. (2015). Measuring DSM-5 Internet gaming disorder: Development and validation of a short psychometric scale. Computers in Human Behavior, 45, 137-143."
"Pontes, H. M. & Griffiths, M. D. (2016). Portuguese validation of the internet gaming disorder scale–short-form. Cyberpsychology, Behavior, and Social Networking, 19, 288-293."
"Pontes, H. M. (2017). Investigating the differential effects of social networking site addiction and Internet gaming disorder on psychological health. Journal of Behavioral Addictions, 6, 601-610."
"Pontes, H. M., Kiraly, O., Demetrovics, Z., & Griffiths, M. D. (2014). The conceptualisation and measurement of DSM-5 Internet Gaming Disorder: The development of the IGD-20 Test. PloS ONE 9, e110137."
"Pontes, H. M., Macur, M., & Griffiths, M. D. (2016). Internet gaming disorder among Slovenian primary schoolchildren: Findings from a nationally representative sample of adolescents. Journal of Behavioral Addictions, 5, 304-310."
"Pontes, H. M., Patrão, I. M., & Griffiths, M. D. (2014). Portuguese validation of the Internet Addiction Test: An empirical study. Journal of Behavioral Addictions, 3, 107-114."
"Pontes, H. M., Stavropoulos, V., & Griffiths, M. D. (2017). Measurement invariance of the internet gaming disorder scale–short-form .(IGDS9-SF) between the United States of America, India and the United Kingdom. Psychiatry Research, 257, 472-478."
"Rehbein, F., Kliem, S., Baier, D., Mößle, T., & Petry, N. M. (2015). Prevalence of Internet gaming disorder in German adolescents: Diagnostic contribution of the nine DSM‐5 criteria in a state‐wide representative sample. Addiction, 110, 842-851."
"Ryu, H., Lee, J. Y., Choi, A., Chung, S. J., Park, M., Bhang, S. Y., ... & Choi, J. S. (2019). Application of Diagnostic Interview for Internet Addiction .(DIA) in clinical practice for Korean adolescents. Journal of Clinical Medicine, 8, 202."
"Ryu, H., Lee, J. Y., Choi, A., Park, S., Kim, D. J., & Choi, J. S. (2018). The relationship between impulsivity and internet gaming disorder in young adults: Mediating effects of interpersonal relationships and depression. International Journal of Environmental Research and Public Health, 15, 58."
"Sahin, M., Gumus, Y. Y., & Dincel, S. (2016). Game addiction and academic achievement. Educational Psychology, 36, 1533-1543."
"Sahin, M., Gumus, Y. Y., & Dincel, S. (2016). Game addiction and academic achievement. Educational Psychology, 36, 1533-1543."
"Sanders, J. & Williams, R. (2019). The relationship between video gaming, gambling, and problematic levels of video gaming and gambling. Journal of Gambling Studies, 35, 559-569."
"Sanders, J. L. & Williams, R. J. (2016). Reliability and validity of the behavioral addiction measure for video gaming. Cyberpsychology, Behavior, and Social Networking, 19, 43-48."
"Sarda, E., Bègue, L., Bry, C., & Gentile, D. (2016). Internet gaming disorder and well-being: A scale validation. Cyberpsychology, Behavior, and Social Networking, 19, 674-679."
"Sariyska, R., Lachmann, B., Markett, S., Reuter, M., & Montag, C. (2017). Individual differences in implicit learning abilities and impulsive behavior in the context of Internet addiction and Internet Gaming Disorder under the consideration of gender. Addictive Behaviors Reports, 5, 19-28."
"Sariyska, R., Lachmann, B., Markett, S., Reuter, M., & Montag, C. (2017). Individual differences in implicit learning abilities and impulsive behavior in the context of Internet addiction and Internet Gaming Disorder under the consideration of gender. Addictive Behaviors Reports, 5, 19-28."
"Scharkow, M., Festl, R., & Quandt, T. (2014). Longitudinal patterns of problematic computer game use among adolescents and adults—A 2‐year panel study. Addiction, 109, 1910-1917."
"Schivinski, B., Brzozowska-Woś, M., Buchanan, E. M., Griffiths, M. D., & Pontes, H. M. (2018). Psychometric assessment of the internet gaming disorder diagnostic criteria: An item response theory study. Addictive Behaviors Reports, 8, 176-184."
"Schluter, M. G., Hodgins, D. C., Wolfe, J., & Wild, T. C. (2018). Can one simple questionnaire assess substance‐related and behavioural addiction problems? Results of a proposed new screener for community epidemiology. Addiction, 113, 1528-1537."
"Seok, J. W., & Sohn, J. H. (2018). Altered gray matter volume and resting-state connectivity in individuals with internet gaming disorder: A voxel-based morphometry and resting-state functional magnetic resonance imaging study. Frontiers in Psychiatry, 9, 77."
"Shibuya, A., Teramoto, M., Shoun, A., & Akiyama, K. (2019). Long-term effects of in-game purchases and event game mechanics on young mobile social game players in Japan. Simulation & Gaming, 50, 76-92."
"Sioni, S. R., Burleson, M. H., & Bekerian, D. A. (2017). Internet gaming disorder: Social phobia and identifying with your virtual self. Computers in Human Behavior, 71, 11-15."
"Smohai, M., Urbán, R., Griffiths, M. D., Király, O., Mirnics, Z., Vargha, A., & Demetrovics, Z. (2017). Online and offline video game use in adolescents: Measurement invariance and problem severity. The American Journal of Drug and Alcohol Abuse, 43, 111-116."
"Snodgrass, J. G., Dengah II, H. F., Lacy, M. G., Else, R. J., Polzer, E. R., Arevalo, J. M., & Cole, S. W. (2018). Social genomics of healthy and disordered internet gaming. American Journal of Human Biology, 30, e23146."
"Snodgrass, J. G., Lacy, M. G., Dengah II, H. F., Eisenhauer, S., Batchelder, G., & Cookson, R. J. (2014). A vacation from your mind: Problematic online gaming is a stress response. Computers in Human Behavior, 38, 248-260."
"Soh, P. C. H., Chew, K. W., Koay, K. Y., & Ang, P. H. (2018). Parents vs peers’ influence on teenagers’ Internet addiction and risky online activities. Telematics and Informatics, 35, 225-236."
"Song KR, Potenza MN, Fang XY, Gong GL, Wang ZL, Liu L, Ma SS, Xia CC, Lan J, Yao YW, Deng LY, Wu LL, Zhang JT (2021) Resting-state Connectome-based Support-Vector-Machine Predictive Modeling of Internet Gaming Disorder. Addict Biol 26(4):e12969."
"Song, J., Park, J. H., Han, D. H., Roh, S., Son, J. H., Choi, T. Y., ... & Lee, Y. S. (2016). Comparative study of the effects of bupropion and escitalopram on Internet gaming disorder. Psychiatry and Clinical Neurosciences, 70, 527-535."
"Soroush, M., Hancock, M., & Bonns, V. K. (2014). Self-control in casual games: The relationship between Candy Crush Saga™ players' in-app purchases and self-control. In 2014 IEEE Games Media Entertainment, pp. 1-6. IEEE."
"Soroush, M., Hancock, M., & Bonns, V. K. (2014). Self-control in casual games: The relationship between Candy Crush Saga™ players' in-app purchases and self-control. In 2014 IEEE Games Media Entertainment, pp. 1-6. IEEE."
"Šporčić, B., & Glavak-Tkalić, R. (2018). The relationship between online gaming motivation, self-concept clarity and tendency toward problematic gaming. Cyberpsychology: Journal of Psychosocial Research on Cyberspace, 12, 4."
"Stavropoulos, V., Adams, B. L., Beard, C. L., Dumble, E., Trawley, S., Gomez, R., & Pontes, H. M. (2019). Associations between attention deficit hyperactivity and internet gaming disorder symptoms: Is there consistency across types of symptoms, gender and countries? Addictive Behaviors Reports, 9, 100158."
"Stavropoulos, V., Anderson, E. E., Beard, C., Latifi, M. Q., Kuss, D., & Griffiths, M. (2019). A preliminary cross-cultural study of Hikikomori and internet gaming disorder: The moderating effects of game-playing time and living with parents. Addictive Behaviors Reports, 9, 10037."
"Stavropoulos, V., Beard, C., Griffiths, M. D., Buleigh, T., Gomez, R., & Pontes, H. M. (2018). Measurement invariance of the internet gaming disorder scale–short-form .(IGDS9-SF) between Australia, the USA, and the UK. International Journal of Mental Health and Addiction, 16, 377-392."
"Stavropoulos, V., Burleigh, T. L., Beard, C. L., Gomez, R., & Griffiths, M. D. (2018). Being there: A preliminary study examining the role of presence in internet gaming disorder. International Journal of Mental Health and Addiction, in press."
"Stockdale, L. & Coyne, S. M. (2018). Video game addiction in emerging adulthood: Cross-sectional evidence of pathology in video game addicts as compared to matched healthy controls. Journal of Affective Disorders, 225, 265-272."
"Strittmatter, E., Kaess, M., Parzer, P., Fischer, G., Carli, V., Hoven, C. W., ... & Bobes, J. (2015). Pathological Internet use among adolescents: Comparing gamers and non-gamers. Psychiatry Research, 228, 128-135."
"Strittmatter, E., Parzer, P., Brunner, R., Fischer, G., Durkee, T., Carli, V., ... & Resch, F. (2016). A 2-year longitudinal study of prospective predictors of pathological Internet use in adolescents. European Child & Adolescent Psychiatry, 25, 725-734."
"Tang, C. S. K., Koh, Y. W., & Gan, Y. (2017). Addiction to internet use, online gaming, and online social networking among young adults in China, Singapore, and the United States. Asia Pacific Journal of Public Health, 29, 673-682."
"Tateno, M., Teo, A. R., Shiraishi, M., Tayama, M., Kawanishi, C., & Kato, T. A. (2018). Prevalence rate of Internet addiction among Japanese college students: Two cross‐sectional studies and reconsideration of cut‐off points of Young's Internet Addiction Test in Japan. Psychiatry and Clinical Neurosciences, 72, 723-730."
"Tejeiro, R. A., Espada, J. P., Gonzalvez, M. T., & Christiansen, P. (2016). Psychometric properties of the Problem Video Game Playing scale in adults. Revue Européenne de Psychologie Appliquée/European Review of Applied Psychology, 66, 9-13."
"Thorens, G., Achab, S., Billieux, J., Khazaal, Y., Khan, R., Pivin, E., ... & Zullino, D. (2014). Characteristics and treatment response of self-identified problematic Internet users in a behavioral addiction outpatient clinic. Journal of Behavioral Addictions, 3, 78-81."
"Throuvala, M. A., Janikian, M., Griffiths, M. D., Rennoldson, M., & Kuss, D. J. (2019). The role of family and personality traits in Internet gaming disorder: A mediation model combining cognitive and attachment perspectives. Journal of Behavioral Addictions, 8, 48-62."
"Tian, M., Tao, R., Zheng, Y., Zhang, H., Yang, G., Li, Q., & Liu, X. (2018). Internet gaming disorder in adolescents is linked to delay discounting but not probability discounting. Computers in Human Behavior, 80, 59-66."
"Torres-Rodríguez, A., Griffiths, M. D., Carbonell, X., & Oberst, U. (2018). Internet gaming disorder in adolescence: Psychological characteristics of a clinical sample. Journal of Behavioral Addictions, 7, 707-718."
"Torres-Rodríguez, A., Griffiths, M. D., Carbonell, X., & Oberst, U. (2018). Treatment efficacy of a specialized psychotherapy program for Internet Gaming Disorder. Journal of Behavioral Addictions, 7, 939-952."
"Triberti, S., Milani, L., Villani, D., Grumi, S., Peracchia, S., Curcio, G., & Riva, G. (2018). What matters is when you play: Investigating the relationship between online video games addiction and time spent playing over specific day phases. Addictive Behaviors Reports, 8, 185-188."
"Ustinavičienė, R., Škėmienė, L., Lukšienė, D., Radišauskas, R., Kalinienė, G., & Vasilavičius, P. (2016). Problematic computer game use as expression of Internet addiction and its association with self-rated health in the Lithuanian adolescent population. Medicina, 52, 199-204."
"Vadlin, S., Åslund, C., & Nilsson, K. W. (2015). Development and content validity of a screening instrument for gaming addiction in adolescents: The Gaming Addiction Identification Test .(GAIT). Scandinavian Journal of Psychology, 56, 458-466."
"Vadlin, S., Åslund, C., & Nilsson, K. W. (2018). A longitudinal study of the individual‐and group‐level problematic gaming and associations with problem gambling among Swedish adolescents. Brain and Behavior, 8, e00949."
"Vadlin, S., Åslund, C., Hellström, C., & Nilsson, K. W. (2016). Associations between problematic gaming and psychiatric symptoms among adolescents in two samples. Addictive Behaviors, 61, 8-15."
"Vadlin, S., Åslund, C., Rehn, M., & Nilsson, K. W. (2015). Psychometric evaluation of the adolescent and parent versions of the Gaming Addiction Identification Test .(GAIT). Scandinavian Journal of Psychology, 56, 726-735."
"Van Den Eijnden, R., Koning, I., Doornwaard, S., Van Gurp, F., & Ter Bogt, T. (2018). The impact of heavy and disordered use of games and social media on adolescents’ psychological, social, and school functioning. Journal of Behavioral Addictions, 7, 697-706."
"Van Rooij, A. J., Kuss, D. J., Griffiths, M. D., Shorter, G. W., Schoenmakers, T. M., & Van De Mheen, D. (2014). The co- occurrence of problematic video gaming, substance use, and psychosocial problems in adolescents. Journal of Behavioral Addictions, 3, 157-165."
"Van Rooij, A. J., Schoenmakers, T. M., & Van de Mheen, D. (2017). Clinical validation of the C-VAT 2.0 assessment tool for gaming disorder: A sensitivity analysis of the proposed DSM-5 criteria and the clinical characteristics of young patients with ‘video game addiction’. Addictive Behaviors, 64, 269-274."
"Vanzoelen, D. & Caltabiano, M. L. (2016). The role of social anxiety, the behavioural inhibition system and depression in online gaming addiction in adults. Journal of Gaming & Virtual Worlds, 8, 231-245."
"Vink, J. M., van Beijsterveldt, T. C., Huppertz, C., Bartels, M., & Boomsma, D. I. (2016). Heritability of compulsive Internet use in adolescents. Addiction Biology, 21, 460-468."
"Vukosavljevic-Gvozden, T., Filipovic, S., & Opacic, G. (2015). The mediating role of symptoms of psychopathology between irrational beliefs and internet gaming addiction. Journal of Rational-Emotive & Cognitive-Behavior Therapy, 33, 387-405."
"Wang M, Zeng N, Zheng H, Du X, Potenza MN, Dong G (2022) Altered effective connectivity from the pregenual anterior cingulate cortex to the laterobasal amygdala mediates the relationship between internet gaming disorder and loneliness. Psychological Med 52(4):737-746."
"Wang Z, Potenza MN, Song K, Fang XY, Liu L, Ma SS, Xia CC, Lan J, Yao YW, Zhang JT (2022) Neural classification of internet gaming disorder and prediction of treatment response using a cue-reactivity fMRI task in young men. J Psychiatry Research 145:309-316."
"Wang, C. W., Chan, C. L., Mak, K. K., Ho, S. Y., Wong, P. W., & Ho, R. T. (2014). Prevalence and correlates of video and internet gaming addiction among Hong Kong adolescents: A pilot study. The Scientific World Journal, 2014, article 874648."
"Wang, C. W., Ho, R. T., Chan, C. L., & Tse, S. (2015). Exploring personality characteristics of Chinese adolescents with internet-related addictive behaviors: Trait differences for gaming addiction and social networking addiction. Addictive Behaviors, 42, 32-35."
"Wang, L., Wu, L., Lin, X., Zhang, Y., Zhou, H., Du, X., & Dong, G. (2016). Altered brain functional networks in people with Internet gaming disorder: Evidence from resting-state fMRI. Psychiatry Research: Neuroimaging, 254, 156-163."
"Wang, L., Wu, L., Lin, X., Zhang, Y., Zhou, H., Du, X., & Dong, G. (2016). Altered brain functional networks in people with Internet gaming disorder: evidence from resting-state fMRI. Psychiatry Research: Neuroimaging, 254, 156-163."
"Wang, L., Zhang, Y., Lin, X., Zhou, H., Du, X., & Dong, G. (2018). Group independent component analysis reveals alternation of right executive control network in Internet gaming disorder. CNS Spectrums, 23, 300-310."
"Wang, M., Zheng, H., Du, X., & Dong, G. (2019). Mapping Internet gaming disorder using effective connectivity: A spectral dynamic causal modeling study. Addictive Behaviors, 90, 62-70."
"Wang, M., Zheng, H., Du, X., & Dong, G. (2019). Mapping Internet gaming disorder using effective connectivity: A spectral dynamic causal modeling study. Addictive Behaviors, 90, 62-70."
"Wang, R., Li, M., Zhao, M., Yu, D., Hu, Y., Wiers, C. E., ... & Yuan, K. (2018). Internet gaming disorder: deficits in functional and structural connectivity in the ventral tegmental area-Accumbens pathway. Brain Imaging and Behavior, in press."
"Wang, Y., Hu, Y., Xu, J., Zhou, H., Lin, X., Du, X., & Dong, G. (2017). Dysfunctional Prefrontal Function is associated with impulsivity in People with internet gaming Disorder during a Delay Discounting Task. Frontiers in Psychiatry, 8, 287."
"Wang, Y., Hu, Y., Xu, J., Zhou, H., Lin, X., Du, X., & Dong, G. (2017). Dysfunctional Prefrontal function is associated with impulsivity in people with internet gaming disorder during a delay discounting task. Frontiers in Psychiatry, 8, 287."
"Wang, Y., Wu, L., Wang, L., Zhang, Y., Du, X., & Dong, G. (2017). Impaired decision‐making and impulse control in Internet gaming addicts: evidence from the comparison with recreational Internet game users. Addiction Biology, 22, 1610-1621."
"Wang, Y., Wu, L., Zhou, H., Lin, X., Zhang, Y., Du, X., & Dong, G. (2017). Impaired executive control and reward circuit in Internet gaming addicts under a delay discounting task: independent component analysis. European Archives of Psychiatry and Clinical Neuroscience, 267, 245-255."
"Wang, Z., Hu, Y., Zheng, H., Yuan, K., Du, X., & Dong, G. (2019). Females are more vulnerable to Internet gaming disorder than males: Evidence from cortical thickness abnormalities. Psychiatry Research: Neuroimaging, 283, 145-153."
"Wartberg, L., Durkee, T., Kriston, L., Parzer, P., Fischer-Waldschmidt, G., Resch, F., ... & Wasserman, D. (2017). Psychometric properties of a German version of the Young Diagnostic Questionnaire .(YDQ) in two independent samples of adolescents. International Journal of Mental Health and Addiction, 15, 182-190."
"Wartberg, L., Kriston, L., & Kammerl, R. (2017). Associations of social support, friends only known through the internet, and health-related quality of life with internet gaming disorder in adolescence. Cyberpsychology, Behavior, and Social Networking, 20, 436-441."
"Wartberg, L., Kriston, L., & Thomasius, R. (2017). The prevalence and psychosocial correlates of internet gaming disorder: analysis in a nationally representative sample of 12-to 25-Year-Olds. Deutsches Ärzteblatt International, 114, 419-424."
"Wartberg, L., Kriston, L., Kammerl, R., Petersen, K. U., & Thomasius, R. (2015). Prevalence of pathological Internet use in a representative German sample of adolescents: Results of a latent profile analysis. Psychopathology, 48, 25-30."
"Wartberg, L., Kriston, L., Kramer, M., Schwedler, A., Lincoln, T. M., & Kammerl, R. (2017). Internet gaming disorder in early adolescence: Associations with parental and adolescent mental health. European Psychiatry, 43, 14-18."
"Wartberg, L., Kriston, L., Zieglmeier, M., Lincoln, T., & Kammerl, R. (2019). A longitudinal study on psychosocial causes and consequences of Internet gaming disorder in adolescence. Psychological Medicine, 49, 287-294."
"Wartberg, L., Petersen, K. U., Kammerl, R., Rosenkranz, M., & Thomasius, R. (2014). Psychometric validation of a German version of the compulsive internet use scale. Cyberpsychology, Behavior, and Social Networking, 17, 99-103."
"Wartberg, L., Zieglmeier, M., & Kammerl, R. (2019). Accordance of adolescent and parental ratings of Internet gaming disorder and their associations with psychosocial aspects. Cyberpsychology, Behavior, and Social Networking, 22, 264-270."
"Weinstein, A., Abu, H. B., Timor, A., & Mama, Y. (2016). Delay discounting, risk-taking, and rejection sensitivity among individuals with Internet and Video Gaming Disorders. Journal of Behavioral Addictions, 5, 674-682."
"Wittek, C. T., Finserås, T. R., Pallesen, S., Mentzoni, R. A., Hanss, D., Griffiths, M. D., & Molde, H. (2016). Prevalence and predictors of video game addiction: A study based on a national representative sample of gamers. International Journal of Mental Health and Addiction, 14, 672-686."
"Wölfling, K., Beutel, M. E., Dreier, M., & Müller, K. W. (2014). Treatment outcomes in patients with internet addiction: A clinical pilot study on the effects of a cognitive-behavioral therapy program. BioMed Research International, 2014, 425924."
"Wong, U., & Hodgins, D. C. (2014). Development of the game addiction inventory for adults .(GAIA). Addiction Research & Theory, 22, 195-209."
"Wu LL, Potenza MN, Zhou N, Kober H, Shi XH, Yip SW, Xu JH, Zhu XL, Wang R, Liu GQ, Zhang JT (2020) Efficacy of Single-Session Transcranial Direct Current Stimulation on Addiction-related Inhibitory Control and Craving: A Randomized Trial in Males with Internet Gaming Disorder. Journal of Psychiatry and Neuroscience 46(1):190137. .(PMC7955853)"
"Wu LL, Potenza MN, Zhou N, Kober H, Shi XH, Yip SW, Zhu L, Wang R, Liu GQ, Zhang JT (2020) A Role for Right Dorsolateral Prefrontal Cortex in Enhancing Regulation of Craving and Negative Emotions in Internet Gaming Disorder: A Randomized, Sham-controlled and Double-blind Trial. Eur Neuropsychopharm 36:29-37."
"Wu LL, Zhu L, Shi XH, Zhou N, Wang R, Liu GQ, Song K, Xu L, Potenza MN, Zhang JT (2020) Impaired regulation of both addiction-related and primary rewards in individuals with internet gaming disorder. Psychiatric Research 286:112892"
"Wu, A. M., Lei, L. L., & Ku, L. (2013). Psychological needs, purpose in life, and problem video game playing among Chinese young adults. International Journal of Psychology, 48, 583-590."
"Wu, T. C., Scott, D., & Yang, C. C. (2013). Advanced or addicted? Exploring the relationship of recreation specialization to flow experiences and online game addiction. Leisure Sciences, 35, 203-217."
"Wu, T. Y., Lin, C. Y., Årestedt, K., Griffiths, M. D., Broström, A., & Pakpour, A. H. (2017). Psychometric validation of the Persian nine-item Internet Gaming Disorder Scale–Short Form: Does gender and hours spent online gaming affect the interpretations of item descriptions? Journal of Behavioral Addictions, 6, 256-263."
"Wu, Y., Sescousse, G., Yu, H., Clark, L., & Li, H. (2018). Cognitive distortions and gambling near-misses in Internet Gaming Disorder: A preliminary study. PloS ONE, 13, e0191110."
"Xu L, Wu L, Liu G, Deng L, Zhang JT*, Potenza MN* (2021) A review of psychological interventions for internet addiction. Psychiatric Res 302:114016 * Designates equal contributions."
"Yam, C. W., Pakpour, A. H., Griffiths, M. D., Yau, W. Y., Lo, C. L. M., Ng, J. M., ... & Leung, H. (2019). Psychometric testing of three Chinese online-related addictive behavior instruments among Hong Kong university students. Psychiatric Quarterly, 90, 117-128."
"Yao Y, Liu L, Ma SS, Shi XH, Zhou N, Zhang JT, Potenza MN (2017) Functional and structural brain alterations in Internet gaming disorder: A systematic review and meta-analysis. Neurosci Biobehav Rev 83:313-324."
"Yao Y, Zhang J-T, Fang X-Y, Liu L, Potenza MN (2022) Reward-related decision-making deficits in internet gaming disorder: A systematic review and meta-analysis. Addiction 117(1):19-32."
"Yılmaz, E., Griffiths, M. D., & Kan, A. (2017). Development and validation of videogame addiction scale for children .(VASC). International Journal of Mental Health and Addiction, 15, 869-882."
"Yoon, E. J., Choi, J. S., Kim, H., Sohn, B. K., Jung, H. Y., Lee, J. Y., ... & Kim, Y. K. (2017). Altered hippocampal volume and functional connectivity in males with Internet gaming disorder comparing to those with alcohol use disorder. Scientific Reports, 7, 5744."
"Youh, J., Hong, J. S., Han, D. H., Chung, U. S., Min, K. J., Lee, Y. S., & Kim, S. M. (2017). Comparison of electroencephalography .(EEG) coherence between major depressive disorder .(MDD) without comorbidity and MDD comorbid with Internet gaming disorder. Journal of Korean Medical Science, 32, 1160-1165."
"Yuan, K., Yu, D., Cai, C., Feng, D., Li, Y., Bi, Y., ... & Qin, W. (2017). Frontostriatal circuits, resting state functional connectivity and cognitive control in internet gaming disorder. Addiction Biology, 22, 813-822."
"Zeng N, Wang M, Zheng H, Zhang J, Dong H, Potenza MN, Dong GH (2021) Gender-related differences in fronto-parietal modular segregation and altered effective connectivity in internet gaming disorder. J Behav Addiction 10(1):123-134."
"Zhang J-T, Yao Y-W, Potenza MN, Xia C-C, Lan J, Liu L, Wang L-J, Liu B, Ma S-S, Fang, X-Y (2016) Effects of craving behavioral intervention on neural substrates of cue-induced craving in Internet gaming disorder. Neuroimage Clin 12:591-599."
"Zhang J-T, Yao Y-W, Potenza MN, Xia C-C, Liu L, Lan J, Wang L-J, Liu B, Ma S-S, Fang, X-Y (2016) Altered resting-state neural activity and changes following a craving behavioral intervention for Internet gaming disorder. Sci Report 6:28109 .(PMC4933876)"
"Zhou WR, Wang M, Dong HH, Zhang Z, Du X, Potenza MN, Dong GH (2021) Imbalanced sensitivities to primary and secondary rewards in internet gaming disorder. J Behav Addiction 10(4):990–1004."
"Zhou WR, Wang M, Wang ZL, Zheng H, Wang MJ, Potenza MN, Dong GH (2022) Connectome-based prediction of craving for gaming in internet gaming disorder. Addict Biol 27(1):e17036."
"Zhou, F., Montag, C., Sariyska, R., Lachmann, B., Reuter, M., Weber, B., ... & Becker, B. (2019). Orbitofrontal gray matter deficits as marker of Internet gaming disorder: converging evidence from a cross‐sectional and prospective longitudinal design. Addiction Biology, 24, 100-109."